apcreatiu.com	Listing
WellDanet.com	Listing
rentalhiso.com	Listing
tynewebdesign.com	image sharing , Social profile
codepixelmedia.com	image sharing , Social profile
winonaj.com	Article
wiliin.com	Article
djlservicios.com	Classified
Linkriseup.com	Article
meivera.com	SBM , profile 
motivkit.com	Article
dlkautoparts.com	listing
mysterycoder.com	Article , Social profile
techmixbr.com	Article
bharatamayu.com	SBM , Profile 
celebriches.com	SBM , Profile 
miplaninvu.com	listing
beingadviser.com	listing 
lodenews.com	classified
rajsattimart.com	classified
bokunotrends.com	classified
radianpark.com	image sharing , Social profile
mysupergains.com	SBM , Profile 
lashisking.com	image sharing , Social profile
lasheminence.com	Listing
leavesinluxe.com	image sharing
ComTelesis.net	Article
EngineCrib.com	Listing
FinsCoastal.com	Classified
KhaosAddon.com	Article
MattRAlston.net	Profile
MikeBrewerEconomics.com	Article
MoonRocketCoin.net	Listing
SoftKillDesign.com	Image + Social Profile
StrathBrockParish.net	SBM + Profile
TabSocal.com	Image + Profile
TheBaliBead.com	Image + Profile
WorldWorthWandering.com	Article
scoreminers.com	Image + profile
linedesing.com	Image + profile
helloartcity.com	Image + profile
alefcoach.com	Article
ladyframe.com	SBM + Social Profile
josoore.com	Article
techonlineinfo.com	Article
techdemais.com	Article
fluxyogaretreats.com	Article
spinevivo.com	Business Listing
blogmiki.com	Article
choicemakerscrew.com	Article
passionunchained.com	Article
hiddengemsreno.com	Image + profile
lakesforocean.com	Image + profile
dotsdeveloper.com	Article
teddyandkitty.com	Image + profile
septemberzodiac.com	Article
obsidianimpacts.com	Article
redesocialpro.com	Image + Social Profile
infoplatforms.com	Article + PDF
devcybernexus.com	Article
callgadgets.com	Classified + Image Sharing
fullprokey.com	Classified
choose-your-car.com	Business Listing + Classified
CabanAlaeMilia.com	Image Sharing + Business Listing
treasurenftcode.com	Social Profile
totebagus.com	Image Sharing + Classified
switchhigh.com	Article + Social Profile
sinclair-theme.com	Article
housesdecors.com	Image Sharing
arcanumwebs.com	Article
aporiakennels.com	Image Sharing
webwavecom.com	Article
uplandcommerce.com	Classified + Image Sharing
newsportalweekly.com	Article + PDF
steadfastresults.com	Article
futurethey.com	Article
kayosportconnect.com	Image Sharing + Article
aidteck.com	Article
earthskydesign.com	Image + Social Profile
mindful-lotus.com	Article
oscarcrea.com	Image + Social Profile
webmansax.com	Article
isanexpert.com	Listing
macphersonweb.com	PDF + Profile
digitalvirtuose.com	Listing
wedropouts.com	PDF + Profile
topoftheloop.com	PDF + Profile
ideovera.com	Listing
pixelwebio.com	Image + Profile
happysignups.com	Listing
teeny-weenytoes.com	PDF + Profile
webweaversonline.com	Listing
webinfinityhub.com	PDF + Profile
marketingsspot.com	Listing
herotherblog.com	PDF + Profile
creationtable.com	Image + Profile
ethicsites.com	PDF + Profile
studiodiamond.net	PDF + Profile
youngerlifestyle.net	PDF + Profile
maytapbung.net	Listing
ultimorecursoh.com	PDF + Profile
mudatealaweb.com	Listing
alwadidates.com	SBM , Profile 
pcosremedy.com	SBM , Profile 
rayantav.com	Listing
quickoye.com	SBM , Profile 
murraypura.com	SBM , Profile 
pquko.com	SBM , Profile 
pkkwb.com	SBM , Profile 
ruihanchemical.com	Article , Social profile
yehwooyeh.com	Listing
mujugranfondo.com	Classified
josephlaoutaris.com	Article , Social profile
datazynxllc.com	Listing
jagothemes.com	Classified
habibyasmaharun.com	Classified
tobeetoetech.com	Classified
mikegabsolution.com	Classified
vaultofjoseph.com	Classified
jiyinaicha.com	Classified
fflowlink.com	Article
