repo,protection_status,error
mr-devloper005/owlknowsbest.com,ok,
mr-devloper005/reviewlystes.com,ok,
mr-devloper005/postbarrs.com,ok,
mr-devloper005/wordwareshub.com,ok,
mr-devloper005/dailymaffs.com,ok,
mr-devloper005/thegemluxe.com,ok,
mr-devloper005/xperthinks.com,ok,
mr-devloper005/dochirp.com,ok,
mr-devloper005/corazonesguru.com,ok,
mr-devloper005/thewalltimes.com,ok,
mr-devloper005/toretopic.com,ok,
mr-devloper005/thecorise.com,ok,
mr-devloper005/bsayblog.com,ok,
mr-devloper005/mundodeoracao.com,ok,
mr-devloper005/orbitsvalues.com,ok,
mr-devloper005/thereadsessions.com,ok,
mr-devloper005/bloggingraftar.com,ok,
mr-devloper005/infodirectaya.com,ok,
mr-devloper005/admiralreviews.com,ok,
mr-devloper005/snapdigo.com,ok,
mr-devloper005/goolatam.com,ok,
mr-devloper005/hellabird.com,ok,
mr-devloper005/innaterhythm.com,ok,
mr-devloper005/aticgrafic.com,ok,
mr-devloper005/dailyshareinfo.com,ok,
mr-devloper005/weblybd.com,ok,
mr-devloper005/coodect.com,ok,
mr-devloper005/justtmd.com,ok,
mr-devloper005/growthswave.com,ok,
mr-devloper005/keytoscale.com,ok,
mr-devloper005/cliktock.com,ok,
mr-devloper005/gofkar.com,ok,
mr-devloper005/tenfiftyone.com,ok,
mr-devloper005/searcr.com,ok,
mr-devloper005/letsactuallygo.com,ok,
mr-devloper005/teeaction.com,ok,
mr-devloper005/chaojefe.com,ok,
mr-devloper005/leclicplus.com,ok,
mr-devloper005/immediategrid.com,ok,
mr-devloper005/attendtheway.com,ok,
mr-devloper005/fluideosolutions.com,ok,
mr-devloper005/intelloidea.com,ok,
mr-devloper005/truedispositions.com,ok,
mr-devloper005/innociv.com,ok,
mr-devloper005/proothisionline.com,ok,
mr-devloper005/filingone.com,ok,
mr-devloper005/incanova.com,ok,
mr-devloper005/amoebicexpansion.com,ok,
mr-devloper005/tasmeimi.com,ok,
mr-devloper005/valuevaultcorp.com,ok,
mr-devloper005/solveease.net,ok,
mr-devloper005/devonter.com,ok,
mr-devloper005/astraelementor.com,ok,
mr-devloper005/affordibly.com,ok,
mr-devloper005/dreamimportados.com,ok,
mr-devloper005/granelda.com,ok,
mr-devloper005/serbegum.com,ok,
mr-devloper005/abknuaf.com,ok,
mr-devloper005/entreasmelhores.com,ok,
mr-devloper005/pelandoofertas.com,ok,
mr-devloper005/ibullinfo.com,ok,
mr-devloper005/fastportatil.com,ok,
mr-devloper005/axidra.net,ok,
mr-devloper005/remodelerar.com,ok,
mr-devloper005/leventakinti.com,ok,
mr-devloper005/capsigrow.com,ok,
mr-devloper005/griyo.net,ok,
mr-devloper005/smashindevil.com,ok,
mr-devloper005/reniwn.com,ok,
mr-devloper005/viendoanhnhan.com,ok,
mr-devloper005/zyvorapit.com,ok,
mr-devloper005/collectivebyte.com,ok,
mr-devloper005/gustorest.com,ok,
mr-devloper005/fanstgh.com,ok,
mr-devloper005/lechantdelinos.com,ok,
mr-devloper005/maxkavosh.com,ok,
mr-devloper005/jasamaklonpro.com,ok,
mr-devloper005/proserviceon.com,ok,
mr-devloper005/alnancompass.com,ok,
mr-devloper005/stsondemand.com,ok,
mr-devloper005/branmedya.com,ok,
mr-devloper005/rilfinserve.com,ok,
mr-devloper005/vectorduo.com,ok,
mr-devloper005/nglobals.com,ok,
mr-devloper005/scalemesolutions.com,ok,
mr-devloper005/leadtore.com,ok,
mr-devloper005/ginfosolution.com,ok,
mr-devloper005/karlinit.com,ok,
mr-devloper005/safeerindo.com,ok,
mr-devloper005/movisgesettle.com,ok,
mr-devloper005/ibizanetworks.com,ok,
mr-devloper005/lynovato.com,ok,
mr-devloper005/hibvest.com,ok,
mr-devloper005/rokusbotlek.com,ok,
mr-devloper005/fitlloyd.com,ok,
mr-devloper005/lexertainment.com,ok,
mr-devloper005/flawlessnoises.com,ok,
mr-devloper005/baboonet.com,ok,
mr-devloper005/furrioo.com,ok,
mr-devloper005/showdavida.com,ok,
mr-devloper005/phiyall.com,ok,
mr-devloper005/golgator.com,ok,
mr-devloper005/siteforgeart.com,ok,
mr-devloper005/lotologyy.com,ok,
mr-devloper005/laruchebleue.net,ok,
mr-devloper005/aireblowdry.com,ok,
mr-devloper005/stetsonukims.com,ok,
mr-devloper005/nickelsandlinc.com,ok,
mr-devloper005/ankavisual.com,ok,
mr-devloper005/gloexpressdel.com,ok,
mr-devloper005/ilsoleditabiano.com,ok,
mr-devloper005/minnorec.com,ok,
mr-devloper005/maannoslo.com,ok,
mr-devloper005/gabeetown.com,ok,
mr-devloper005/zeotheory.com,ok,
mr-devloper005/varwestgallery.com,ok,
mr-devloper005/vivementlapluie.com,ok,
mr-devloper005/pixelschmixel.com,ok,
mr-devloper005/eyscreative.com,ok,
mr-devloper005/veluzatom.com,ok,
